{"cameraMode":{"drawMode":0,"name":"Shaded","section":"Shading Mode"},"sceneLighting":true,"audioPlay":false,"sceneViewState":{"m_AlwaysRefresh":false,"showFog":true,"showSkybox":true,"showFlares":true,"showImageEffects":true,"showParticleSystems":true,"showVisualEffectGraphs":true,"m_FxEnabled":true},"in2DMode":false,"pivot":{"x":-0.033164024353027347,"y":-0.7205891609191895,"z":0.3669862747192383},"rotation":{"x":-0.09345308691263199,"y":0.8834396004676819,"z":-0.19969786703586579,"w":-0.4134255647659302},"size":7.690964221954346,"orthographic":false}